melodieid,count,decade
2048,25,1600
2815,19,1600
1856,16,1600
3654,15,1600
2663,14,1600
341,13,1600
359,13,1600
5781,12,1600
7206,12,1600
773,12,1600
3603,11,1600
4760,11,1600
8256,11,1600
2983,11,1600
2486,10,1600
4215,9,1600
9163,9,1600
7169,9,1600
5273,8,1600
7934,8,1600
6549,8,1600
4116,8,1600
56,7,1600
7925,7,1600
1916,7,1600
8770,7,1600
7932,7,1600
9363,7,1600
7413,7,1600
9353,7,1600
4630,6,1600
5335,6,1600
4118,6,1600
5919,6,1600
4128,6,1600
2697,6,1600
5173,6,1600
6543,6,1600
5068,6,1600
7393,6,1600
9490,6,1600
7921,6,1600
6257,6,1600
4459,6,1600
7266,6,1600
6851,5,1600
8277,5,1600
7299,5,1600
7355,5,1600
6537,5,1600
8003,5,1600
6740,5,1600
1438,5,1600
1231,5,1600
1014,5,1600
7417,5,1600
3071,5,1600
3842,4,1600
8586,4,1600
7176,4,1600
3016,4,1600
3664,4,1600
7388,4,1600
2130,4,1600
357,4,1600
3652,4,1600
2441,4,1600
7928,4,1600
2434,4,1600
6056,4,1600
7173,4,1600
4017,4,1600
3814,4,1600
10623,4,1600
4184,4,1600
4167,4,1600
387,4,1600
5924,4,1600
7987,4,1600
2224,4,1600
9340,4,1600
3696,4,1600
298,3,1600
5114,3,1600
9861,3,1600
3847,3,1600
3502,3,1600
8763,3,1600
7208,3,1600
64,3,1600
7228,3,1600
4031,3,1600
8765,3,1600
5060,3,1600
7698,3,1600
2457,3,1600
3271,3,1600
5945,3,1600
3920,3,1600
4304,3,1600
7238,3,1600
7160,3,1600
3979,3,1600
9168,3,1600
4053,3,1600
2260,3,1600
692,3,1600
9073,3,1600
6488,2,1600
383,2,1600
2214,2,1600
1242,2,1600
380,2,1600
7321,2,1600
2715,2,1600
992,2,1600
2439,2,1600
7900,2,1600
7314,2,1600
4442,2,1600
8945,2,1600
7247,2,1600
4332,2,1600
5963,2,1600
5832,2,1600
8264,2,1600
7537,2,1600
3110,2,1600
3135,2,1600
2438,2,1600
441,2,1600
7288,2,1600
5432,2,1600
4240,2,1600
4990,2,1600
7197,2,1600
3169,2,1600
2499,2,1600
5948,2,1600
7268,2,1600
7430,2,1600
7350,2,1600
3784,2,1600
7193,2,1600
6775,2,1600
9491,2,1600
2529,2,1600
2516,2,1600
2465,2,1600
1946,2,1600
1904,2,1600
3456,2,1600
2095,2,1600
7339,2,1600
4088,2,1600
2473,2,1600
5366,2,1600
7754,2,1600
9518,2,1600
771,2,1600
4276,2,1600
3622,2,1600
2479,2,1600
8357,2,1600
1511,2,1600
5920,2,1600
7362,1,1600
9001,1,1600
6268,1,1600
3774,1,1600
5044,1,1600
679,1,1600
2472,1,1600
3540,1,1600
7167,1,1600
9098,1,1600
2437,1,1600
6472,1,1600
1244,1,1600
780,1,1600
5823,1,1600
7326,1,1600
5910,1,1600
7257,1,1600
1240,1,1600
7243,1,1600
7215,1,1600
1649,1,1600
3568,1,1600
5785,1,1600
3684,1,1600
4062,1,1600
7210,1,1600
7213,1,1600
6180,1,1600
9415,1,1600
93,1,1600
660,1,1600
3108,1,1600
9391,1,1600
3720,1,1600
3662,1,1600
7236,1,1600
1572,1,1600
3147,1,1600
7189,1,1600
2450,1,1600
6701,1,1600
7163,1,1600
3651,1,1600
7230,1,1600
8258,1,1600
6470,1,1600
7763,1,1600
1461,1,1600
8665,1,1600
4079,1,1600
8349,1,1600
7255,1,1600
9167,1,1600
1246,1,1600
3107,1,1600
6391,1,1600
5976,1,1600
4028,1,1600
8958,1,1600
8931,1,1600
7447,1,1600
6560,1,1600
7358,1,1600
6287,1,1600
7367,1,1600
7371,1,1600
7381,1,1600
9795,1,1600
7415,1,1600
6284,1,1600
7401,1,1600
7390,1,1600
3773,1,1600
8988,1,1600
499,1,1600
7221,1,1600
3202,1,1600
7436,1,1600
2530,1,1600
6425,1,1600
7185,1,1600
6163,1,1600
9348,1,1600
978,1,1600
8390,1,1600
2652,1,1600
926,1,1600
4835,1,1600
1455,1,1600
3620,1,1600
4325,1,1600
4148,1,1600
2360,1,1600
476,1,1600
3981,1,1600
3690,1,1600
4189,1,1600
2863,1,1600
168,1,1600
3065,1,1600
3682,1,1600
5489,1,1600
5435,1,1600
1996,1,1600
450,1,1600
1939,1,1600
347,1,1600
3227,1,1600
1135,1,1600
127,1,1600
8231,1,1600
2896,1,1600
5784,1,1600
5662,1,1600
7942,1,1600
6862,1,1600
3247,1,1600
3059,1,1600
463,1,1600
6323,1,1600
3790,1,1600
71,1,1600
7395,1,1600
291,1,1600
3621,1,1600
9878,1,1600
281,1,1600
8745,1,1600
7775,1,1600
7191,1,1600
893,1,1600
3159,1,1600
5817,1,1600
6124,1,1600
4089,1,1600
4902,1,1600
326,1,1600
3728,1,1600
3685,1,1600
1579,1,1600
4158,1,1600
2582,1,1600
3216,1,1600
2406,1,1600
989,1,1600
9022,1,1600
3509,1,1600
2990,1,1600
5152,1,1600
9023,1,1600
6856,1,1600
4291,1,1600
1434,1,1600
2706,1,1600
2498,1,1600
7161,1,1600
2076,1,1600
7799,1,1600
3926,1,1600
3185,1,1600
1874,1,1600
3153,1,1600
7942,35,1610
2048,26,1610
3654,26,1610
7977,24,1610
2663,19,1610
9353,18,1610
8003,17,1610
2715,16,1610
7417,15,1610
9363,15,1610
4031,14,1610
3456,13,1610
1856,12,1610
6968,11,1610
4116,11,1610
2716,11,1610
1438,11,1610
7299,10,1610
5114,10,1610
8277,10,1610
2499,10,1610
2815,10,1610
64,10,1610
6699,10,1610
2486,9,1610
6515,9,1610
6374,9,1610
2434,9,1610
3016,8,1610
5410,8,1610
3603,8,1610
4167,7,1610
3952,7,1610
3540,7,1610
2441,7,1610
7934,7,1610
7925,7,1610
7280,7,1610
2697,7,1610
3998,6,1610
7763,6,1610
7388,6,1610
5273,6,1610
692,6,1610
7206,6,1610
4057,6,1610
3934,6,1610
9086,6,1610
7787,6,1610
9270,6,1610
7208,5,1610
4088,5,1610
6107,5,1610
926,5,1610
359,5,1610
9073,5,1610
3842,5,1610
12614,5,1610
3247,5,1610
4184,5,1610
5335,5,1610
4240,4,1610
1379,4,1610
6543,4,1610
7317,4,1610
4459,4,1610
168,4,1610
3059,4,1610
8256,4,1610
3685,4,1610
5777,4,1610
8770,4,1610
8867,4,1610
7238,4,1610
4922,4,1610
6488,4,1610
3628,4,1610
7900,4,1610
8665,4,1610
1916,4,1610
3814,4,1610
4215,4,1610
2530,3,1610
7266,3,1610
7268,3,1610
4050,3,1610
5781,3,1610
1935,3,1610
9318,3,1610
3696,3,1610
4918,3,1610
7754,3,1610
9795,3,1610
341,3,1610
285,3,1610
7161,3,1610
3979,3,1610
4760,3,1610
6851,3,1610
8633,3,1610
8763,3,1610
441,3,1610
2214,3,1610
5945,2,1610
2019,2,1610
7191,2,1610
7255,2,1610
9256,2,1610
2260,2,1610
1455,2,1610
3169,2,1610
7888,2,1610
5774,2,1610
3305,2,1610
7395,2,1610
2614,2,1610
5351,2,1610
13558,2,1610
4018,2,1610
2487,2,1610
283,2,1610
7071,2,1610
7809,2,1610
13808,2,1610
9163,2,1610
93,2,1610
1918,2,1610
6537,2,1610
2437,2,1610
6399,2,1610
1242,2,1610
6425,2,1610
6740,2,1610
5921,2,1610
12765,2,1610
771,2,1610
487,2,1610
7167,2,1610
2706,2,1610
7413,2,1610
8007,2,1610
7257,2,1610
56,2,1610
4969,2,1610
4129,2,1610
7176,2,1610
7851,2,1610
7173,2,1610
3906,2,1610
2212,2,1610
7160,2,1610
12792,2,1610
5823,2,1610
3920,2,1610
1946,2,1610
652,2,1610
4630,2,1610
4138,2,1610
9389,2,1610
5226,2,1610
1014,2,1610
5366,2,1610
3663,2,1610
1231,2,1610
3522,2,1610
6732,2,1610
9354,2,1610
3664,2,1610
6936,2,1610
7185,1,1610
8349,1,1610
2130,1,1610
3490,1,1610
6637,1,1610
8656,1,1610
4220,1,1610
9861,1,1610
6266,1,1610
3568,1,1610
5919,1,1610
4276,1,1610
1462,1,1610
7753,1,1610
3259,1,1610
4735,1,1610
1288,1,1610
4850,1,1610
4168,1,1610
3690,1,1610
4326,1,1610
4128,1,1610
2246,1,1610
2529,1,1610
6967,1,1610
9032,1,1610
11094,1,1610
7013,1,1610
3694,1,1610
5785,1,1610
5491,1,1610
293,1,1610
8361,1,1610
6643,1,1610
6701,1,1610
10623,1,1610
12794,1,1610
67,1,1610
7181,1,1610
191,1,1610
7221,1,1610
7537,1,1610
3164,1,1610
5309,1,1610
5173,1,1610
7362,1,1610
7928,1,1610
7215,1,1610
4081,1,1610
7364,1,1610
4104,1,1610
2479,1,1610
5112,1,1610
4709,1,1610
11292,1,1610
3159,1,1610
7422,1,1610
8638,1,1610
2450,1,1610
7921,1,1610
4966,1,1610
2438,1,1610
6587,1,1610
3563,1,1610
4196,1,1610
2820,1,1610
3652,1,1610
1904,1,1610
1720,1,1610
2040,1,1610
3147,1,1610
551,1,1610
773,1,1610
529,1,1610
7932,1,1610
2501,1,1610
4895,1,1610
427,1,1610
387,1,1610
828,1,1610
2699,1,1610
3227,1,1610
6124,1,1610
3728,1,1610
3564,1,1610
9723,1,1610
2209,1,1610
3024,1,1610
3981,1,1610
1013,1,1610
2516,1,1610
4934,1,1610
351,1,1610
1056,1,1610
7415,1,1610
4069,1,1610
2431,1,1610
7169,1,1610
9878,1,1610
8920,1,1610
1579,1,1610
6257,1,1610
2983,1,1610
3774,1,1610
4979,1,1610
621,1,1610
450,1,1610
3672,1,1610
8586,1,1610
2512,1,1610
281,1,1610
4372,1,1610
806,1,1610
5277,1,1610
6269,1,1610
7339,1,1610
5455,1,1610
8231,1,1610
978,1,1610
3620,1,1610
6485,1,1610
6904,1,1610
7977,44,1620
2715,27,1620
2663,21,1620
7942,20,1620
2668,18,1620
3456,18,1620
487,15,1620
6300,14,1620
7071,14,1620
4871,14,1620
3654,14,1620
3952,14,1620
6515,13,1620
5335,13,1620
4918,13,1620
6968,12,1620
2815,11,1620
529,11,1620
64,11,1620
714,11,1620
4969,11,1620
9515,11,1620
4031,9,1620
7932,9,1620
8003,9,1620
4908,9,1620
4958,9,1620
4397,9,1620
9363,8,1620
4116,8,1620
126,8,1620
7648,8,1620
4979,8,1620
1037,8,1620
4922,8,1620
7206,7,1620
2716,7,1620
7158,7,1620
4726,7,1620
5282,7,1620
9073,7,1620
12661,7,1620
1856,7,1620
4057,7,1620
6699,7,1620
3305,7,1620
698,7,1620
4353,7,1620
12614,6,1620
6107,6,1620
2434,6,1620
11292,6,1620
7417,6,1620
13558,6,1620
3493,6,1620
7900,6,1620
4002,6,1620
5273,6,1620
9389,6,1620
2048,6,1620
527,6,1620
9353,6,1620
1379,6,1620
7299,5,1620
4981,5,1620
2706,5,1620
7173,5,1620
7943,5,1620
282,5,1620
6982,5,1620
6124,5,1620
906,5,1620
8665,5,1620
5976,5,1620
3694,5,1620
6851,5,1620
7167,5,1620
8770,5,1620
359,5,1620
3603,5,1620
8277,5,1620
2499,5,1620
9795,4,1620
2278,4,1620
6269,4,1620
983,4,1620
13818,4,1620
341,4,1620
9034,4,1620
2697,4,1620
24,4,1620
10623,4,1620
5017,4,1620
4590,4,1620
4459,4,1620
450,4,1620
792,4,1620
3016,4,1620
2895,4,1620
4934,4,1620
2661,4,1620
7851,4,1620
2501,4,1620
3540,4,1620
7266,4,1620
8757,4,1620
1876,4,1620
56,4,1620
2438,4,1620
6549,4,1620
2260,3,1620
4019,3,1620
6967,3,1620
806,3,1620
4128,3,1620
78,3,1620
7362,3,1620
2457,3,1620
12794,3,1620
7169,3,1620
1131,3,1620
2983,3,1620
8496,3,1620
9189,3,1620
3628,3,1620
6014,3,1620
9143,3,1620
8349,3,1620
6045,3,1620
9177,3,1620
4966,3,1620
2486,3,1620
5005,3,1620
121,3,1620
6936,3,1620
499,3,1620
3123,3,1620
2431,3,1620
7208,3,1620
4760,3,1620
8363,3,1620
7934,3,1620
5808,3,1620
2338,2,1620
1945,2,1620
9194,2,1620
4812,2,1620
2064,2,1620
13771,2,1620
3256,2,1620
4800,2,1620
8689,2,1620
850,2,1620
9075,2,1620
5082,2,1620
1315,2,1620
2536,2,1620
8318,2,1620
6675,2,1620
7415,2,1620
4215,2,1620
3981,2,1620
4276,2,1620
463,2,1620
9318,2,1620
931,2,1620
4319,2,1620
4999,2,1620
5432,2,1620
2130,2,1620
441,2,1620
93,2,1620
2487,2,1620
6287,2,1620
1916,2,1620
3662,2,1620
2614,2,1620
5409,2,1620
7317,2,1620
3494,2,1620
5068,2,1620
6990,2,1620
5084,2,1620
3929,2,1620
2209,2,1620
6367,2,1620
4895,2,1620
6822,2,1620
7319,2,1620
7355,2,1620
5823,2,1620
1757,2,1620
2766,2,1620
5069,2,1620
3963,2,1620
5656,2,1620
1848,2,1620
5063,2,1620
6606,2,1620
1359,2,1620
2635,2,1620
4087,2,1620
3247,2,1620
1016,2,1620
7787,2,1620
2040,2,1620
9491,2,1620
2206,2,1620
2246,2,1620
4088,2,1620
6904,2,1620
2781,2,1620
2863,2,1620
191,2,1620
4196,2,1620
671,2,1620
387,2,1620
7068,2,1620
18,2,1620
7039,2,1620
8298,2,1620
5455,2,1620
5245,2,1620
2414,2,1620
5428,2,1620
2516,2,1620
2617,2,1620
828,2,1620
5173,1,1620
7388,1,1620
4050,1,1620
4041,1,1620
2929,1,1620
4149,1,1620
7013,1,1620
4028,1,1620
4017,1,1620
3259,1,1620
4165,1,1620
5416,1,1620
9346,1,1620
6257,1,1620
4053,1,1620
4240,1,1620
5060,1,1620
8586,1,1620
7176,1,1620
5777,1,1620
6374,1,1620
3147,1,1620
2361,1,1620
298,1,1620
7326,1,1620
8867,1,1620
3620,1,1620
7333,1,1620
3930,1,1620
5903,1,1620
3070,1,1620
5080,1,1620
740,1,1620
6635,1,1620
8068,1,1620
6488,1,1620
665,1,1620
7182,1,1620
8256,1,1620
7294,1,1620
3957,1,1620
6732,1,1620
4089,1,1620
3652,1,1620
2441,1,1620
5857,1,1620
1461,1,1620
7195,1,1620
5047,1,1620
7339,1,1620
5933,1,1620
3169,1,1620
4304,1,1620
7925,1,1620
1572,1,1620
358,1,1620
3651,1,1620
12174,1,1620
557,1,1620
3728,1,1620
670,1,1620
4291,1,1620
6887,1,1620
2095,1,1620
1178,1,1620
673,1,1620
3663,1,1620
9407,1,1620
1230,1,1620
6709,1,1620
8007,1,1620
1020,1,1620
9217,1,1620
7941,1,1620
1425,1,1620
1358,1,1620
824,1,1620
7393,1,1620
458,1,1620
476,1,1620
1316,1,1620
5441,1,1620
7963,1,1620
1166,1,1620
316,1,1620
6972,1,1620
4592,1,1620
5981,1,1620
7510,1,1620
928,1,1620
6587,1,1620
926,1,1620
2119,1,1620
3685,1,1620
5114,1,1620
12795,1,1620
851,1,1620
9609,1,1620
1057,1,1620
7709,1,1620
347,1,1620
1438,1,1620
1014,1,1620
9098,1,1620
7939,1,1620
1189,1,1620
2180,1,1620
9240,1,1620
6543,1,1620
2437,1,1620
5781,1,1620
9256,1,1620
1462,1,1620
2076,1,1620
13766,1,1620
2450,1,1620
5945,1,1620
8252,1,1620
8851,1,1620
2165,1,1620
7977,21,1630
7942,17,1630
1182,15,1630
1131,14,1630
8757,13,1630
7941,13,1630
527,11,1630
5335,10,1630
2278,9,1630
4505,9,1630
8003,8,1630
7804,8,1630
1020,8,1630
5385,8,1630
1178,8,1630
64,8,1630
3810,8,1630
2040,7,1630
3456,7,1630
698,7,1630
776,7,1630
7158,7,1630
713,7,1630
6068,7,1630
3072,6,1630
2715,6,1630
13558,6,1630
126,6,1630
8068,6,1630
3952,6,1630
2248,6,1630
4969,6,1630
3654,5,1630
7208,5,1630
4228,5,1630
5593,5,1630
9363,5,1630
7071,5,1630
8161,5,1630
9073,5,1630
8844,5,1630
3024,5,1630
6300,5,1630
4835,5,1630
529,5,1630
4908,5,1630
906,5,1630
1316,5,1630
6468,4,1630
9389,4,1630
7388,4,1630
7355,4,1630
2338,4,1630
1876,4,1630
7787,4,1630
7648,4,1630
1358,4,1630
487,4,1630
6983,4,1630
8420,4,1630
6619,4,1630
8993,4,1630
2668,3,1630
5100,3,1630
1037,3,1630
563,3,1630
1379,3,1630
5084,3,1630
2663,3,1630
7185,3,1630
4979,3,1630
7393,3,1630
2246,3,1630
7193,3,1630
8363,3,1630
7299,3,1630
1946,3,1630
9058,3,1630
7221,3,1630
7294,2,1630
7312,2,1630
7390,2,1630
7223,2,1630
7228,2,1630
9318,2,1630
7257,2,1630
7268,2,1630
6269,2,1630
4397,2,1630
6708,2,1630
7286,2,1630
7314,2,1630
4958,2,1630
7217,2,1630
9137,2,1630
7938,2,1630
4726,2,1630
4871,2,1630
6822,2,1630
806,2,1630
7494,2,1630
4196,2,1630
1856,2,1630
2706,2,1630
2781,2,1630
3256,2,1630
8796,2,1630
6451,2,1630
7943,2,1630
4546,2,1630
4918,2,1630
1979,2,1630
6515,2,1630
8859,2,1630
7167,2,1630
7176,2,1630
7187,2,1630
7195,2,1630
9352,2,1630
12794,2,1630
8256,2,1630
9177,2,1630
714,2,1630
1359,2,1630
6968,2,1630
7417,2,1630
2815,2,1630
7371,2,1630
3305,2,1630
8638,2,1630
6936,2,1630
9075,2,1630
5300,2,1630
5112,2,1630
5071,2,1630
2933,2,1630
980,2,1630
12887,2,1630
2499,2,1630
4192,2,1630
2716,2,1630
7317,2,1630
2285,2,1630
2450,2,1630
7331,1,1630
7238,1,1630
7305,1,1630
7308,1,1630
7241,1,1630
5781,1,1630
7319,1,1630
7236,1,1630
7328,1,1630
7225,1,1630
4138,1,1630
7321,1,1630
7324,1,1630
7230,1,1630
7326,1,1630
7232,1,1630
7253,1,1630
7255,1,1630
7274,1,1630
3694,1,1630
7259,1,1630
7261,1,1630
7263,1,1630
7266,1,1630
3693,1,1630
7270,1,1630
7250,1,1630
7247,1,1630
7288,1,1630
7333,1,1630
7245,1,1630
7276,1,1630
7278,1,1630
7280,1,1630
7282,1,1630
7284,1,1630
5857,1,1630
7243,1,1630
7350,1,1630
7336,1,1630
7430,1,1630
7408,1,1630
7410,1,1630
7413,1,1630
7415,1,1630
7420,1,1630
7422,1,1630
7424,1,1630
7426,1,1630
7428,1,1630
7432,1,1630
7403,1,1630
8349,1,1630
7436,1,1630
7440,1,1630
7443,1,1630
7445,1,1630
7447,1,1630
7449,1,1630
7451,1,1630
7454,1,1630
7406,1,1630
7401,1,1630
7339,1,1630
7362,1,1630
7341,1,1630
7343,1,1630
7345,1,1630
7348,1,1630
7219,1,1630
7353,1,1630
7358,1,1630
7360,1,1630
7364,1,1630
7367,1,1630
7399,1,1630
7369,1,1630
7375,1,1630
7379,1,1630
7381,1,1630
7384,1,1630
7386,1,1630
2260,1,1630
7395,1,1630
7397,1,1630
8364,1,1630
6270,1,1630
1557,1,1630
7457,1,1630
6635,1,1630
78,1,1630
86,1,1630
8252,1,1630
9189,1,1630
6709,1,1630
6982,1,1630
5605,1,1630
4087,1,1630
530,1,1630
2635,1,1630
8007,1,1630
9331,1,1630
2563,1,1630
5962,1,1630
5017,1,1630
12101,1,1630
4109,1,1630
2206,1,1630
6107,1,1630
4116,1,1630
7215,1,1630
8770,1,1630
773,1,1630
6089,1,1630
7051,1,1630
113,1,1630
1356,1,1630
3120,1,1630
6606,1,1630
3685,1,1630
8821,1,1630
11265,1,1630
4149,1,1630
7925,1,1630
7809,1,1630
818,1,1630
12661,1,1630
4002,1,1630
3493,1,1630
6643,1,1630
5656,1,1630
2661,1,1630
9621,1,1630
5806,1,1630
7888,1,1630
7169,1,1630
7171,1,1630
7173,1,1630
3621,1,1630
7178,1,1630
7180,1,1630
7182,1,1630
8648,1,1630
7189,1,1630
7191,1,1630
4850,1,1630
6764,1,1630
7197,1,1630
7200,1,1630
7202,1,1630
7204,1,1630
7206,1,1630
7210,1,1630
7213,1,1630
2441,1,1630
7165,1,1630
7163,1,1630
3163,1,1630
5772,1,1630
3981,1,1630
121,1,1630
2064,1,1630
792,1,1630
6549,1,1630
7939,1,1630
6374,1,1630
9449,1,1630
7161,1,1630
4357,1,1630
7776,1,1630
4115,1,1630
4319,1,1630
2486,1,1630
4031,1,1630
13818,1,1630
7160,1,1630
4709,1,1630
6451,65,1640
1131,56,1640
3654,42,1640
5112,40,1640
7803,34,1640
7942,31,1640
527,31,1640
1182,28,1640
7051,27,1640
7977,27,1640
6068,26,1640
5335,24,1640
928,24,1640
7941,23,1640
7866,23,1640
3240,23,1640
8058,23,1640
9616,22,1640
3952,22,1640
6945,20,1640
2663,19,1640
2798,19,1640
487,19,1640
7355,19,1640
713,18,1640
6983,18,1640
9618,18,1640
8003,18,1640
6619,18,1640
8844,17,1640
4871,16,1640
2815,15,1640
4505,15,1640
1316,14,1640
7147,14,1640
3810,14,1640
3072,14,1640
4726,14,1640
906,13,1640
8349,13,1640
64,13,1640
2499,13,1640
394,13,1640
445,13,1640
1178,13,1640
458,13,1640
1020,12,1640
2248,12,1640
126,12,1640
1338,12,1640
8757,12,1640
698,12,1640
127,12,1640
7804,12,1640
9064,12,1640
8277,11,1640
7721,11,1640
707,11,1640
7176,11,1640
2716,11,1640
9073,11,1640
6300,11,1640
776,10,1640
7932,10,1640
9363,10,1640
5385,10,1640
4969,10,1640
7169,10,1640
1374,10,1640
7173,10,1640
9086,10,1640
8252,9,1640
6631,9,1640
6339,9,1640
980,9,1640
6797,9,1640
7939,9,1640
7393,9,1640
9389,9,1640
7208,9,1640
2706,9,1640
9280,9,1640
4922,9,1640
4149,9,1640
4835,9,1640
6124,9,1640
714,9,1640
6740,8,1640
8212,8,1640
2642,8,1640
5313,8,1640
2668,8,1640
7417,8,1640
3456,8,1640
444,8,1640
2064,8,1640
7388,8,1640
8402,8,1640
4918,7,1640
5100,7,1640
7071,7,1640
4979,7,1640
7317,7,1640
6515,7,1640
2841,7,1640
5084,7,1640
4958,7,1640
8363,7,1640
3024,7,1640
9406,6,1640
3352,6,1640
7206,6,1640
9137,6,1640
4886,6,1640
349,6,1640
9353,6,1640
8186,6,1640
5226,6,1640
3305,6,1640
7415,6,1640
9206,6,1640
6722,6,1640
8745,6,1640
1317,6,1640
7069,6,1640
7648,6,1640
3603,6,1640
1242,6,1640
7802,6,1640
5064,6,1640
828,6,1640
282,6,1640
1856,5,1640
12661,5,1640
6904,5,1640
8859,5,1640
4459,5,1640
2654,5,1640
9240,5,1640
5336,5,1640
4908,5,1640
7463,5,1640
6606,5,1640
1358,5,1640
5241,5,1640
2285,5,1640
6982,5,1640
2434,5,1640
4592,5,1640
2260,5,1640
529,5,1640
6936,5,1640
4895,5,1640
7238,5,1640
2933,5,1640
1876,4,1640
5071,4,1640
5282,4,1640
2278,4,1640
5455,4,1640
8068,4,1640
11331,4,1640
7666,4,1640
7900,4,1640
387,4,1640
6968,4,1640
9426,4,1640
6391,4,1640
57,4,1640
4357,4,1640
3922,4,1640
6542,4,1640
5069,4,1640
4709,4,1640
4850,4,1640
13558,4,1640
3682,4,1640
7299,4,1640
1359,4,1640
7362,4,1640
808,4,1640
8306,4,1640
9333,4,1640
4650,4,1640
8848,4,1640
6368,4,1640
3937,4,1640
5063,4,1640
9515,4,1640
1379,4,1640
9726,4,1640
7158,4,1640
8770,4,1640
4240,4,1640
7787,3,1640
7535,3,1640
2697,3,1640
4116,3,1640
6056,3,1640
7230,3,1640
1731,3,1640
3009,3,1640
1848,3,1640
374,3,1640
1352,3,1640
4196,3,1640
5656,3,1640
7223,3,1640
3329,3,1640
24,3,1640
4031,3,1640
8150,3,1640
5248,3,1640
4772,3,1640
6699,3,1640
4812,3,1640
7225,3,1640
3957,3,1640
1269,3,1640
750,3,1640
9617,3,1640
3526,3,1640
4002,3,1640
359,3,1640
5099,3,1640
9620,3,1640
3505,3,1640
2715,3,1640
11292,3,1640
8161,3,1640
4671,3,1640
8513,3,1640
457,3,1640
4397,3,1640
5593,3,1640
7228,3,1640
4192,3,1640
1559,3,1640
4193,2,1640
7247,2,1640
7185,2,1640
9116,2,1640
9066,2,1640
665,2,1640
9364,2,1640
12614,2,1640
7268,2,1640
2501,2,1640
2899,2,1640
6270,2,1640
9607,2,1640
9074,2,1640
1280,2,1640
1000,2,1640
1363,2,1640
6964,2,1640
12926,2,1640
1367,2,1640
263,2,1640
8814,2,1640
2564,2,1640
1018,2,1640
6010,2,1640
8492,2,1640
3683,2,1640
2479,2,1640
12858,2,1640
4147,2,1640
7544,2,1640
763,2,1640
2148,2,1640
1189,2,1640
4992,2,1640
8097,2,1640
6639,2,1640
53,2,1640
972,2,1640
10623,2,1640
7160,2,1640
7250,2,1640
7236,2,1640
7210,2,1640
2983,2,1640
7167,2,1640
926,2,1640
8420,2,1640
7182,2,1640
6590,2,1640
2997,2,1640
11265,2,1640
4981,2,1640
13104,2,1640
1438,2,1640
2514,2,1640
7413,2,1640
2441,2,1640
3924,2,1640
3043,2,1640
3899,2,1640
4319,2,1640
4754,2,1640
9402,2,1640
7934,2,1640
854,2,1640
2895,2,1640
1368,2,1640
671,2,1640
13418,2,1640
13068,2,1640
1037,2,1640
8330,2,1640
9163,2,1640
308,2,1640
6039,2,1640
5300,2,1640
7350,2,1640
6547,2,1640
9020,2,1640
7871,2,1640
91,2,1640
11702,2,1640
11701,2,1640
6107,2,1640
1757,2,1640
6269,2,1640
2277,2,1640
6180,2,1640
4109,2,1640
8366,2,1640
7938,2,1640
11698,2,1640
8798,2,1640
11699,2,1640
7314,2,1640
3404,2,1640
4852,2,1640
11700,2,1640
6635,2,1640
7562,2,1640
748,2,1640
3755,2,1640
5453,2,1640
7339,2,1640
8796,2,1640
9035,2,1640
9259,2,1640
1166,2,1640
8877,2,1640
5173,2,1640
4641,2,1640
7367,2,1640
563,2,1640
4128,2,1640
6212,2,1640
1283,2,1640
2040,2,1640
3215,2,1640
7809,2,1640
13894,2,1640
3628,2,1640
12713,2,1640
8332,2,1640
725,1,1640
7245,1,1640
9500,1,1640
2301,1,1640
2106,1,1640
9301,1,1640
202,1,1640
3250,1,1640
2471,1,1640
9175,1,1640
3721,1,1640
3367,1,1640
5087,1,1640
6166,1,1640
7189,1,1640
7861,1,1640
385,1,1640
1999,1,1640
5428,1,1640
10283,1,1640
2083,1,1640
9619,1,1640
9249,1,1640
7851,1,1640
6678,1,1640
410,1,1640
9352,1,1640
3152,1,1640
6990,1,1640
8300,1,1640
1721,1,1640
4342,1,1640
1079,1,1640
7494,1,1640
7011,1,1640
9304,1,1640
1381,1,1640
9356,1,1640
9058,1,1640
2986,1,1640
6778,1,1640
4343,1,1640
2712,1,1640
1056,1,1640
6161,1,1640
8158,1,1640
5351,1,1640
7497,1,1640
4919,1,1640
2340,1,1640
1362,1,1640
1341,1,1640
1339,1,1640
1354,1,1640
1371,1,1640
1413,1,1640
10145,1,1640
6823,1,1640
12925,1,1640
2832,1,1640
12113,1,1640
4041,1,1640
9315,1,1640
3065,1,1640
836,1,1640
1287,1,1640
9793,1,1640
36,1,1640
11098,1,1640
11319,1,1640
3919,1,1640
11097,1,1640
12047,1,1640
6957,1,1640
1343,1,1640
6856,1,1640
1361,1,1640
7326,1,1640
4845,1,1640
1365,1,1640
2868,1,1640
4973,1,1640
8243,1,1640
382,1,1640
497,1,1640
2759,1,1640
1257,1,1640
715,1,1640
7863,1,1640
365,1,1640
6245,1,1640
1357,1,1640
1356,1,1640
4964,1,1640
2424,1,1640
3644,1,1640
13032,1,1640
1353,1,1640
6675,1,1640
6604,1,1640
4996,1,1640
7864,1,1640
7424,1,1640
4276,1,1640
7422,1,1640
1425,1,1640
1270,1,1640
4129,1,1640
6764,1,1640
9117,1,1640
7197,1,1640
8632,1,1640
7454,1,1640
12794,1,1640
3979,1,1640
2530,1,1640
6051,1,1640
9662,1,1640
2833,1,1640
2661,1,1640
877,1,1640
8142,1,1640
6972,1,1640
8867,1,1640
5765,1,1640
316,1,1640
8135,1,1640
2867,1,1640
528,1,1640
8237,1,1640
6543,1,1640
7375,1,1640
8256,1,1640
7358,1,1640
2431,1,1640
3016,1,1640
7925,1,1640
806,1,1640
6549,1,1640
5577,1,1640
13772,1,1640
4844,1,1640
2150,1,1640
4028,1,1640
7266,1,1640
7191,1,1640
2005,1,1640
3413,1,1640
7776,1,1640
4318,1,1640
3684,1,1640
4136,1,1640
7259,1,1640
2571,1,1640
1857,1,1640
1904,1,1640
7947,1,1640
395,1,1640
2146,1,1640
1348,1,1640
8638,1,1640
3430,1,1640
8490,1,1640
7336,1,1640
2964,1,1640
3493,1,1640
2198,1,1640
8619,1,1640
998,1,1640
12217,1,1640
7319,1,1640
2565,1,1640
302,1,1640
8665,1,1640
1224,1,1640
5058,1,1640
7445,1,1640
8937,1,1640
8834,1,1640
7255,1,1640
7215,1,1640
7312,1,1640
7163,1,1640
7360,1,1640
7408,1,1640
8244,1,1640
5005,1,1640
121,1,1640
1347,1,1640
4867,1,1640
2749,1,1640
7606,1,1640
6907,1,1640
1281,1,1640
8007,1,1640
7717,1,1640
2218,1,1640
4883,1,1640
2671,1,1640
6553,1,1640
4590,1,1640
8689,1,1640
5017,1,1640
4965,1,1640
8538,1,1640
7125,1,1640
355,1,1640
9177,1,1640
6943,1,1640
10251,1,1640
5112,69,1650
4002,39,1650
773,35,1650
4041,32,1650
6124,25,1650
9006,25,1650
6957,23,1650
4754,22,1650
6515,22,1650
6451,21,1650
7147,21,1650
2663,20,1650
6619,20,1650
2815,20,1650
828,20,1650
9616,20,1650
7721,18,1650
495,18,1650
4853,18,1650
9406,17,1650
698,17,1650
928,17,1650
7977,17,1650
1444,15,1650
8757,14,1650
4229,14,1650
3652,14,1650
1374,14,1650
7071,14,1650
4871,14,1650
9618,14,1650
836,14,1650
7932,14,1650
6604,13,1650
8243,13,1650
5055,13,1650
7558,12,1650
2576,12,1650
906,12,1650
3456,12,1650
7051,12,1650
5083,12,1650
484,11,1650
7648,11,1650
527,11,1650
7866,11,1650
7803,11,1650
4138,11,1650
8997,10,1650
1856,10,1650
8003,10,1650
9389,10,1650
9206,10,1650
6068,9,1650
4617,9,1650
9315,9,1650
6300,9,1650
1178,9,1650
127,9,1650
2,9,1650
529,9,1650
1131,9,1650
4397,9,1650
6944,8,1650
9617,8,1650
4149,8,1650
3706,8,1650
713,8,1650
1287,8,1650
9363,8,1650
9066,7,1650
4592,7,1650
5241,7,1650
3693,7,1650
3952,7,1650
445,7,1650
3963,7,1650
9014,7,1650
3261,7,1650
28,7,1650
8186,7,1650
8363,7,1650
2434,7,1650
1876,7,1650
7755,7,1650
9353,7,1650
2441,7,1650
1989,7,1650
3810,7,1650
7158,6,1650
2499,6,1650
7355,6,1650
2798,6,1650
8277,6,1650
3762,6,1650
8349,6,1650
2517,6,1650
8023,6,1650
126,6,1650
4939,6,1650
4291,6,1650
4796,6,1650
5880,6,1650
4319,6,1650
6275,6,1650
9291,6,1650
5335,6,1650
4968,6,1650
1151,6,1650
6328,6,1650
9407,6,1650
6411,6,1650
4061,5,1650
7388,5,1650
2426,5,1650
7221,5,1650
6639,5,1650
5455,5,1650
5005,5,1650
2849,5,1650
7422,5,1650
2781,5,1650
7176,5,1650
1587,5,1650
6982,5,1650
2642,5,1650
7942,5,1650
4852,5,1650
8058,5,1650
4505,5,1650
4918,5,1650
458,5,1650
776,5,1650
6245,5,1650
3072,4,1650
7456,4,1650
2278,4,1650
6547,4,1650
7257,4,1650
9490,4,1650
3603,4,1650
7208,4,1650
4019,4,1650
2983,4,1650
64,4,1650
5965,4,1650
12661,4,1650
1946,4,1650
6467,4,1650
6968,4,1650
4921,4,1650
4196,4,1650
8150,4,1650
1827,4,1650
2716,4,1650
7195,4,1650
7238,4,1650
3440,4,1650
7772,4,1650
7217,4,1650
8745,4,1650
9099,3,1650
714,3,1650
707,3,1650
5313,3,1650
8691,3,1650
1047,3,1650
3322,3,1650
3305,3,1650
8120,3,1650
3240,3,1650
4942,3,1650
2431,3,1650
4128,3,1650
6270,3,1650
7367,3,1650
7299,3,1650
11292,3,1650
7314,3,1650
2040,3,1650
6635,3,1650
7232,3,1650
7284,3,1650
7255,3,1650
9073,3,1650
7171,3,1650
282,3,1650
7266,3,1650
57,3,1650
4873,3,1650
7449,3,1650
7353,3,1650
7393,3,1650
3654,3,1650
524,3,1650
4969,3,1650
7173,3,1650
5808,3,1650
2479,3,1650
7228,3,1650
7040,3,1650
7963,3,1650
5071,3,1650
6195,3,1650
8736,3,1650
7193,3,1650
7160,3,1650
9082,3,1650
4615,3,1650
1316,2,1650
6213,2,1650
4240,2,1650
2863,2,1650
2146,2,1650
4958,2,1650
639,2,1650
4934,2,1650
6606,2,1650
7943,2,1650
1484,2,1650
557,2,1650
121,2,1650
2817,2,1650
2213,2,1650
8638,2,1650
6936,2,1650
8274,2,1650
4966,2,1650
7809,2,1650
5017,2,1650
7938,2,1650
6014,2,1650
9280,2,1650
195,2,1650
3677,2,1650
1500,2,1650
9177,2,1650
8665,2,1650
7167,2,1650
8513,2,1650
7187,2,1650
9348,2,1650
7206,2,1650
7424,2,1650
7358,2,1650
7223,2,1650
7189,2,1650
5233,2,1650
7395,2,1650
7900,2,1650
7268,2,1650
7286,2,1650
7294,2,1650
3502,2,1650
7247,2,1650
3493,2,1650
7364,2,1650
4641,2,1650
5294,2,1650
5656,2,1650
8318,2,1650
7339,2,1650
4936,2,1650
7766,2,1650
9217,2,1650
7169,2,1650
3352,2,1650
12431,2,1650
3325,2,1650
4750,2,1650
7225,2,1650
4228,2,1650
7417,2,1650
1182,2,1650
5273,2,1650
7312,2,1650
3694,2,1650
1280,2,1650
7390,2,1650
2668,2,1650
4981,2,1650
6324,2,1650
24,2,1650
1063,2,1650
8841,2,1650
1234,2,1650
8805,2,1650
6877,2,1650
7018,2,1650
8603,2,1650
295,2,1650
1230,2,1650
8485,2,1650
2349,2,1650
3200,2,1650
3162,2,1650
2413,2,1650
7649,2,1650
7067,2,1650
6585,2,1650
2878,2,1650
9075,2,1650
1070,2,1650
444,2,1650
8122,2,1650
4960,2,1650
8834,2,1650
6593,2,1650
8829,2,1650
7967,2,1650
6929,2,1650
2277,2,1650
1216,2,1650
2136,2,1650
2786,2,1650
8849,2,1650
6318,2,1650
2415,2,1650
7362,2,1650
7191,2,1650
1283,2,1650
1731,2,1650
4812,2,1650
3433,2,1650
141,2,1650
6425,2,1650
3329,2,1650
7019,2,1650
6185,2,1650
9137,2,1650
4886,2,1650
6549,2,1650
9193,2,1650
4040,2,1650
1077,2,1650
487,2,1650
5063,2,1650
3756,2,1650
1338,2,1650
7463,2,1650
1917,2,1650
5064,2,1650
4151,2,1650
3042,2,1650
8920,2,1650
2696,2,1650
1020,2,1650
3065,2,1650
7988,2,1650
7470,2,1650
8121,2,1650
8354,2,1650
2772,2,1650
8993,2,1650
8833,2,1650
6368,2,1650
2324,2,1650
8068,2,1650
3280,2,1650
4106,2,1650
7879,2,1650
7998,2,1650
6244,2,1650
7430,1,1650
7428,1,1650
7324,1,1650
7321,1,1650
7426,1,1650
7420,1,1650
7454,1,1650
7415,1,1650
7413,1,1650
11225,1,1650
7410,1,1650
7408,1,1650
7406,1,1650
7403,1,1650
7401,1,1650
7319,1,1650
7432,1,1650
7443,1,1650
7436,1,1650
7440,1,1650
7348,1,1650
7350,1,1650
5336,1,1650
7345,1,1650
7343,1,1650
7341,1,1650
7336,1,1650
5,1,1650
6740,1,1650
7397,1,1650
7333,1,1650
7331,1,1650
7328,1,1650
7326,1,1650
7451,1,1650
7851,1,1650
7447,1,1650
7445,1,1650
53,1,1650
7399,1,1650
7288,1,1650
179,1,1650
7369,1,1650
7375,1,1650
7210,1,1650
7371,1,1650
7213,1,1650
7215,1,1650
7219,1,1650
7360,1,1650
7230,1,1650
7236,1,1650
7241,1,1650
7243,1,1650
7245,1,1650
7202,1,1650
7250,1,1650
7253,1,1650
7259,1,1650
7261,1,1650
7263,1,1650
7270,1,1650
7274,1,1650
7276,1,1650
7278,1,1650
7280,1,1650
7282,1,1650
7204,1,1650
7200,1,1650
6257,1,1650
7308,1,1650
8725,1,1650
7386,1,1650
7384,1,1650
4667,1,1650
9184,1,1650
3016,1,1650
7381,1,1650
7379,1,1650
5385,1,1650
2048,1,1650
4459,1,1650
7305,1,1650
7197,1,1650
4088,1,1650
2530,1,1650
5593,1,1650
7161,1,1650
7163,1,1650
7165,1,1650
7178,1,1650
7180,1,1650
7182,1,1650
7185,1,1650
7317,1,1650
7939,1,1650
1511,1,1650
9171,1,1650
7069,1,1650
6316,1,1650
2409,1,1650
3935,1,1650
8402,1,1650
4131,1,1650
11390,1,1650
8252,1,1650
4709,1,1650
4850,1,1650
1181,1,1650
6365,1,1650
8306,1,1650
7941,1,1650
4726,1,1650
5947,1,1650
3492,1,1650
5851,1,1650
6709,1,1650
5453,1,1650
8566,1,1650
7126,1,1650
2750,1,1650
402,1,1650
8233,1,1650
2834,1,1650
7144,1,1650
6978,1,1650
6598,1,1650
633,1,1650
2521,1,1650
6200,1,1650
6194,1,1650
9620,1,1650
9619,1,1650
6582,1,1650
4039,1,1650
950,1,1650
931,1,1650
42,1,1650
2661,1,1650
2715,1,1650
13193,1,1650
935,1,1650
4902,1,1650
1256,1,1650
2650,1,1650
9064,1,1650
9726,1,1650
1382,1,1650
8859,1,1650
7538,1,1650
1604,1,1650
9727,1,1650
6107,1,1650
4456,1,1650
7787,1,1650
8848,1,1650
7666,1,1650
5351,1,1650
5498,1,1650
6699,1,1650
8161,1,1650
2232,1,1650
13476,1,1650
13477,1,1650
13478,1,1650
3192,1,1650
4222,1,1650
3001,1,1650
2992,1,1650
13479,1,1650
13480,1,1650
1740,1,1650
12777,1,1650
2895,1,1650
13481,1,1650
13482,1,1650
3404,1,1650
13483,1,1650
13484,1,1650
13485,1,1650
13486,1,1650
5443,1,1650
11287,1,1650
5084,1,1650
5823,1,1650
9086,1,1650
752,1,1650
9050,1,1650
9497,1,1650
2989,1,1650
7508,1,1650
5363,1,1650
1079,1,1650
8330,1,1650
2970,1,1650
1349,1,1650
5100,1,1650
2064,1,1650
7457,1,1650
715,1,1650
763,1,1650
266,1,1650
788,1,1650
2751,1,1650
4844,1,1650
3126,1,1650
7497,1,1650
9202,1,1650
461,1,1650
91,1,1650
13199,1,1650
13200,1,1650
13473,1,1650
7011,1,1650
1499,1,1650
13474,1,1650
13475,1,1650
6219,1,1650
6451,18,1660
1382,16,1660
819,13,1660
6619,12,1660
7942,11,1660
5855,10,1660
4911,8,1660
4061,8,1660
4873,8,1660
7051,7,1660
4921,7,1660
7721,7,1660
3456,6,1660
8349,6,1660
7299,6,1660
4985,6,1660
4981,6,1660
5995,6,1660
5335,6,1660
2566,6,1660
1363,6,1660
7288,5,1660
527,5,1660
7147,5,1660
7803,5,1660
9353,5,1660
6740,5,1660
4902,5,1660
6944,5,1660
9280,4,1660
7208,4,1660
4968,4,1660
9618,4,1660
8058,4,1660
5079,4,1660
7355,4,1660
7071,4,1660
579,4,1660
524,4,1660
5396,3,1660
7247,3,1660
13558,3,1660
5284,3,1660
3654,3,1660
2,3,1660
8003,3,1660
951,3,1660
7417,3,1660
7232,3,1660
13682,3,1660
7314,3,1660
7336,3,1660
4939,3,1660
8277,3,1660
3072,3,1660
4149,3,1660
4871,3,1660
1240,3,1660
7648,3,1660
12711,3,1660
7317,3,1660
2706,3,1660
8198,3,1660
713,2,1660
7977,2,1660
282,2,1660
2248,2,1660
4319,2,1660
7339,2,1660
4116,2,1660
633,2,1660
6124,2,1660
4297,2,1660
6968,2,1660
334,2,1660
2426,2,1660
3979,2,1660
7238,2,1660
1222,2,1660
127,2,1660
12886,2,1660
698,2,1660
111,2,1660
4625,2,1660
7932,2,1660
4641,2,1660
846,2,1660
6424,2,1660
13756,2,1660
3572,2,1660
7000,2,1660
8877,2,1660
6795,2,1660
9389,2,1660
1317,2,1660
3123,2,1660
1856,2,1660
7456,2,1660
1447,2,1660
8757,2,1660
4796,2,1660
2710,2,1660
2486,2,1660
3921,2,1660
1945,2,1660
8491,2,1660
7388,2,1660
450,2,1660
487,2,1660
4002,2,1660
7266,2,1660
7268,2,1660
7853,2,1660
5112,2,1660
8120,2,1660
737,2,1660
6982,2,1660
5453,2,1660
7217,2,1660
7206,2,1660
7294,2,1660
8098,2,1660
8769,2,1660
6515,2,1660
4640,2,1660
7367,2,1660
7669,2,1660
7195,2,1660
6068,2,1660
8068,2,1660
7866,2,1660
7730,2,1660
8363,2,1660
4505,2,1660
4936,2,1660
2957,2,1660
8252,2,1660
7393,2,1660
3250,2,1660
4969,2,1660
9352,2,1660
387,2,1660
6607,1,1660
12435,1,1660
5083,1,1660
9495,1,1660
12899,1,1660
9606,1,1660
7001,1,1660
3706,1,1660
7333,1,1660
9200,1,1660
9583,1,1660
2781,1,1660
5994,1,1660
291,1,1660
4592,1,1660
12421,1,1660
4800,1,1660
64,1,1660
7228,1,1660
57,1,1660
2716,1,1660
7312,1,1660
6698,1,1660
3143,1,1660
4955,1,1660
12710,1,1660
5155,1,1660
7243,1,1660
4852,1,1660
928,1,1660
1151,1,1660
3963,1,1660
5063,1,1660
1848,1,1660
8903,1,1660
9623,1,1660
671,1,1660
7257,1,1660
546,1,1660
752,1,1660
2803,1,1660
7171,1,1660
3842,1,1660
8258,1,1660
7167,1,1660
7319,1,1660
4617,1,1660
7161,1,1660
7204,1,1660
7176,1,1660
7173,1,1660
7321,1,1660
7364,1,1660
7362,1,1660
7169,1,1660
7350,1,1660
7189,1,1660
7230,1,1660
7182,1,1660
7223,1,1660
3215,1,1660
2813,1,1660
3182,1,1660
4119,1,1660
1946,1,1660
2434,1,1660
678,1,1660
773,1,1660
3259,1,1660
6658,1,1660
8997,1,1660
926,1,1660
2441,1,1660
3652,1,1660
3900,1,1660
6334,1,1660
2479,1,1660
4185,1,1660
2095,1,1660
1558,1,1660
3694,1,1660
4923,1,1660
1628,1,1660
3325,1,1660
1182,1,1660
2530,1,1660
8638,1,1660
2198,1,1660
2083,1,1660
7921,1,1660
8188,1,1660
1316,1,1660
4257,1,1660
6936,1,1660
6583,1,1660
7186,1,1660
6384,1,1660
7162,1,1660
94,1,1660
657,1,1660
6458,1,1660
5336,1,1660
9292,1,1660
53,1,1660
8770,1,1660
3540,1,1660
3622,1,1660
2130,1,1660
3126,1,1660
1464,1,1660
5822,1,1660
3924,1,1660
3136,1,1660
8391,1,1660
9229,1,1660
9468,1,1660
2251,1,1660
7407,1,1660
5886,1,1660
4112,1,1660
7211,1,1660
6287,1,1660
2239,1,1660
2698,1,1660
6718,1,1660
7248,1,1660
6134,1,1660
3667,1,1660
8665,1,1660
9327,1,1660
3233,1,1660
1156,1,1660
2192,1,1660
4947,1,1660
4943,1,1660
3952,1,1660
3305,1,1660
2899,1,1660
7804,1,1660
458,1,1660
2633,1,1660
2715,1,1660
950,1,1660
948,1,1660
854,1,1660
8886,1,1660
8431,1,1660
9137,1,1660
3116,1,1660
9184,1,1660
3490,1,1660
3043,1,1660
3957,1,1660
2815,1,1660
67,1,1660
9315,1,1660
9363,1,1660
4835,1,1660
9206,1,1660
4918,1,1660
738,1,1660
739,1,1660
88,1,1660
9424,1,1660
7434,1,1660
7941,1,1660
3941,1,1660
2431,1,1660
2798,1,1660
1178,1,1660
4302,1,1660
6285,1,1660
9240,1,1660
142,1,1660
91,1,1660
3439,1,1660
11753,1,1660
332,1,1660
4165,1,1660
6426,1,1660
3073,1,1660
2997,1,1660
2663,1,1660
2700,1,1660
955,1,1660
13024,1,1660
4895,1,1660
4942,1,1660
2965,1,1660
3329,1,1660
1795,1,1660
9066,1,1660
4240,1,1660
2994,1,1660
2064,1,1660
5577,1,1660
3042,1,1660
126,1,1660
9073,1,1660
8778,1,1660
8789,1,1660
7455,1,1660
6288,1,1660
3777,1,1660
36,1,1660
2584,1,1660
2260,1,1660
3029,1,1660
13171,1,1660
8737,1,1660
12098,1,1660
1242,1,1660
8513,1,1660
3937,1,1660
6391,1,1660
129,1,1660
5901,1,1660
6659,1,1660
1241,1,1660
3436,1,1660
3430,1,1660
9241,1,1660
9035,1,1660
4830,1,1660
92,1,1660
3947,1,1660
6284,1,1660
2406,1,1660
2703,1,1660
333,1,1660
3216,1,1660
3360,1,1660
6282,1,1660
4823,1,1660
8736,1,1660
7445,1,1660
819,22,1670
4955,21,1670
2434,21,1670
4002,16,1670
7208,15,1670
7932,14,1670
7803,13,1670
7355,12,1670
4873,12,1670
6124,12,1670
9353,11,1670
6068,11,1670
7299,11,1670
5855,11,1670
6451,10,1670
3043,9,1670
7721,9,1670
127,9,1670
7051,9,1670
9618,8,1670
5038,8,1670
928,8,1670
1363,8,1670
9363,8,1670
7393,7,1670
1182,7,1670
8092,7,1670
7247,6,1670
3677,6,1670
6619,6,1670
7268,6,1670
2431,6,1670
6968,6,1670
5335,6,1670
1946,6,1670
7312,6,1670
8349,6,1670
7221,6,1670
7147,6,1670
7977,6,1670
5284,6,1670
1382,6,1670
1374,6,1670
7193,6,1670
2663,5,1670
8751,5,1670
3652,5,1670
4939,5,1670
3810,5,1670
2180,5,1670
6607,5,1670
752,5,1670
147,5,1670
6515,5,1670
7432,5,1670
9315,5,1670
5995,5,1670
3072,5,1670
7001,5,1670
4229,4,1670
7317,4,1670
7286,4,1670
3418,4,1670
2715,4,1670
7294,4,1670
6394,4,1670
5079,4,1670
7388,4,1670
7314,4,1670
1856,4,1670
8196,4,1670
7163,4,1670
5336,4,1670
2706,4,1670
1876,4,1670
7866,4,1670
7339,4,1670
7934,4,1670
4240,4,1670
3654,4,1670
3123,4,1670
7257,4,1670
7390,4,1670
4921,4,1670
4049,4,1670
7195,4,1670
7167,4,1670
9616,4,1670
4116,4,1670
7217,4,1670
7161,4,1670
7187,4,1670
12801,4,1670
7362,4,1670
7223,4,1670
7228,4,1670
8058,4,1670
2565,3,1670
7381,3,1670
6398,3,1670
10282,3,1670
1133,3,1670
3125,3,1670
8277,3,1670
9389,3,1670
714,3,1670
7417,3,1670
6982,3,1670
4028,3,1670
2815,3,1670
527,3,1670
5069,3,1670
7328,3,1670
2479,3,1670
7215,3,1670
1316,3,1670
7206,3,1670
7963,3,1670
7210,3,1670
7191,3,1670
7406,3,1670
7343,3,1670
126,3,1670
5906,3,1670
3352,3,1670
3456,3,1670
4852,3,1670
4871,3,1670
5888,3,1670
3155,3,1670
1151,3,1670
6944,3,1670
730,3,1670
6957,3,1670
5112,3,1670
3536,3,1670
9545,3,1670
4505,3,1670
9066,3,1670
834,3,1670
7820,3,1670
4019,3,1670
6606,3,1670
5212,3,1670
1379,2,1670
7436,2,1670
7185,2,1670
7440,2,1670
2248,2,1670
7189,2,1670
7445,2,1670
7443,2,1670
3492,2,1670
4070,2,1670
7386,2,1670
7204,2,1670
8068,2,1670
7197,2,1670
7430,2,1670
7200,2,1670
7202,2,1670
7213,2,1670
7428,2,1670
7219,2,1670
4896,2,1670
7426,2,1670
7225,2,1670
4704,2,1670
7230,2,1670
7232,2,1670
8363,2,1670
5498,2,1670
7447,2,1670
6740,2,1670
8638,2,1670
7708,2,1670
12665,2,1670
11445,2,1670
6245,2,1670
4149,2,1670
129,2,1670
12664,2,1670
4012,2,1670
9617,2,1670
7160,2,1670
1224,2,1670
4088,2,1670
7165,2,1670
53,2,1670
7182,2,1670
9177,2,1670
2516,2,1670
7454,2,1670
7169,2,1670
7451,2,1670
7171,2,1670
7173,2,1670
7176,2,1670
6549,2,1670
7384,2,1670
7158,2,1670
7449,2,1670
7178,2,1670
7180,2,1670
7236,2,1670
7424,2,1670
7238,2,1670
7353,2,1670
1131,2,1670
7348,2,1670
7345,2,1670
7341,2,1670
7942,2,1670
3240,2,1670
7408,2,1670
6936,2,1670
7410,2,1670
7336,2,1670
7333,2,1670
7331,2,1670
7326,2,1670
7241,2,1670
3979,2,1670
7350,2,1670
7403,2,1670
7413,2,1670
7401,2,1670
3694,2,1670
7379,2,1670
7939,2,1670
7375,2,1670
7395,2,1670
7371,2,1670
3009,2,1670
7369,2,1670
7367,2,1670
7397,2,1670
7364,2,1670
7399,2,1670
8003,2,1670
7360,2,1670
7358,2,1670
484,2,1670
7324,2,1670
7321,2,1670
7255,2,1670
11093,2,1670
7270,2,1670
7266,2,1670
7263,2,1670
7261,2,1670
7259,2,1670
12807,2,1670
7253,2,1670
7278,2,1670
7250,2,1670
579,2,1670
7245,2,1670
7243,2,1670
7730,2,1670
3921,2,1670
8243,2,1670
7276,2,1670
7274,2,1670
11185,2,1670
7415,2,1670
7420,2,1670
7308,2,1670
9037,2,1670
3377,2,1670
7280,2,1670
7305,2,1670
7422,2,1670
7823,2,1670
88,2,1670
7288,2,1670
9493,2,1670
7284,2,1670
7282,2,1670
7319,2,1670
3667,1,1670
9461,1,1670
7648,1,1670
10323,1,1670
1701,1,1670
3141,1,1670
9009,1,1670
3707,1,1670
4592,1,1670
2,1,1670
2781,1,1670
6887,1,1670
3869,1,1670
6746,1,1670
168,1,1670
6698,1,1670
7000,1,1670
8663,1,1670
5168,1,1670
2798,1,1670
4969,1,1670
7804,1,1670
11292,1,1670
487,1,1670
2517,1,1670
12733,1,1670
67,1,1670
1765,1,1670
8186,1,1670
5385,1,1670
5808,1,1670
91,1,1670
5241,1,1670
5058,1,1670
828,1,1670
6983,1,1670
2813,1,1670
698,1,1670
8090,1,1670
2198,1,1670
12886,1,1670
1222,1,1670
8485,1,1670
3137,1,1670
6051,1,1670
9784,1,1670
3964,1,1670
5075,1,1670
10361,1,1670
6635,1,1670
4754,1,1670
4936,1,1670
3706,1,1670
5389,1,1670
2696,1,1670
776,1,1670
7071,1,1670
5453,1,1670
3603,1,1670
633,1,1670
4061,1,1670
950,1,1670
7825,1,1670
5273,1,1670
12101,1,1670
12175,1,1670
8672,1,1670
3329,1,1670
11197,1,1670
4125,1,1670
13849,1,1670
4457,1,1670
3413,1,1670
2530,1,1670
4039,1,1670
6506,1,1670
9020,1,1670
1898,1,1670
2441,1,1670
851,1,1670
2277,1,1670
7457,1,1670
6639,1,1670
2551,1,1670
5773,1,1670
6099,1,1670
9200,1,1670
3042,1,1670
2417,1,1670
2095,1,1670
1240,1,1670
4459,1,1670
9352,1,1670
906,1,1670
926,1,1670
8997,1,1670
1936,1,1670
6441,1,1670
9092,1,1670
9430,1,1670
12662,1,1670
9280,1,1670
6373,1,1670
1050,1,1670
3040,1,1670
2083,1,1670
3963,1,1670
9582,1,1670
5396,1,1670
8121,1,1670
4968,1,1670
12651,1,1670
12650,1,1670
12649,1,1670
12648,1,1670
12647,1,1670
12646,1,1670
12645,1,1670
3234,1,1670
12652,1,1670
12653,1,1670
12654,1,1670
12643,1,1670
12642,1,1670
7508,1,1670
3143,1,1670
12800,1,1670
3059,1,1670
6553,1,1670
721,1,1670
529,1,1670
7558,1,1670
4994,1,1670
4943,1,1670
2576,1,1670
64,1,1670
4835,1,1670
6951,1,1670
238,1,1670
6762,1,1670
7355,28,1680
7195,25,1680
4229,24,1680
7339,20,1680
7255,20,1680
7424,19,1680
5656,19,1680
7225,18,1680
6124,18,1680
3043,16,1680
8349,16,1680
7942,16,1680
6619,15,1680
7393,15,1680
6944,15,1680
8058,15,1680
1374,15,1680
8003,14,1680
7173,14,1680
9353,13,1680
7299,13,1680
7388,13,1680
4149,13,1680
4873,12,1680
3952,12,1680
4640,12,1680
7432,12,1680
7208,12,1680
1242,11,1680
7312,11,1680
2663,10,1680
12265,10,1680
2849,10,1680
7413,10,1680
7051,10,1680
7417,10,1680
7247,10,1680
6740,9,1680
6451,9,1680
7375,9,1680
5335,9,1680
8607,9,1680
11203,8,1680
7314,8,1680
7221,8,1680
7182,8,1680
7163,8,1680
3806,8,1680
12210,8,1680
7228,8,1680
4188,8,1680
6515,8,1680
819,8,1680
7167,7,1680
7193,7,1680
7803,7,1680
7294,7,1680
4505,7,1680
7804,7,1680
5336,7,1680
7362,7,1680
7369,7,1680
7343,7,1680
3126,7,1680
9177,7,1680
5848,7,1680
1151,7,1680
3029,7,1680
7176,7,1680
7257,7,1680
527,6,1680
4911,6,1680
7238,6,1680
9616,6,1680
7230,6,1680
7286,6,1680
8893,6,1680
7288,6,1680
7932,6,1680
5437,6,1680
1382,6,1680
7169,6,1680
7206,6,1680
3118,6,1680
7445,6,1680
7217,6,1680
926,5,1680
7415,5,1680
7223,5,1680
3955,5,1680
11292,5,1680
2940,5,1680
1020,5,1680
2415,5,1680
7326,5,1680
7187,5,1680
9618,5,1680
2248,5,1680
546,5,1680
7171,5,1680
2514,5,1680
7866,5,1680
7381,5,1680
2083,5,1680
3681,5,1680
9240,5,1680
7364,5,1680
7449,5,1680
9048,5,1680
12255,5,1680
7243,5,1680
7284,5,1680
7390,5,1680
8745,5,1680
9429,4,1680
7215,4,1680
5385,4,1680
4642,4,1680
4727,4,1680
7319,4,1680
3125,4,1680
752,4,1680
678,4,1680
12198,4,1680
7274,4,1680
7669,4,1680
3313,4,1680
7358,4,1680
6348,4,1680
7161,4,1680
7345,4,1680
5212,4,1680
4011,4,1680
6440,4,1680
6068,4,1680
6524,4,1680
2148,4,1680
7219,4,1680
7341,4,1680
7367,4,1680
2441,4,1680
2481,4,1680
179,4,1680
9363,4,1680
147,4,1680
4704,4,1680
9352,4,1680
4871,4,1680
6334,4,1680
484,4,1680
7268,4,1680
3654,4,1680
7282,4,1680
9141,4,1680
2434,4,1680
7428,4,1680
9494,4,1680
3418,4,1680
7109,3,1680
195,3,1680
7384,3,1680
5569,3,1680
5284,3,1680
6318,3,1680
7408,3,1680
6549,3,1680
5244,3,1680
4923,3,1680
7721,3,1680
7333,3,1680
834,3,1680
7350,3,1680
1363,3,1680
7213,3,1680
5995,3,1680
9394,3,1680
7250,3,1680
7308,3,1680
302,3,1680
4830,3,1680
7165,3,1680
3937,3,1680
4028,3,1680
7180,3,1680
7189,3,1680
1833,3,1680
136,3,1680
9976,3,1680
1454,3,1680
8240,3,1680
1882,3,1680
6613,3,1680
7648,3,1680
4955,3,1680
3377,3,1680
828,3,1680
7406,3,1680
7276,3,1680
4313,3,1680
5414,3,1680
12289,3,1680
12238,3,1680
4729,3,1680
4796,3,1680
2064,3,1680
6795,3,1680
7348,3,1680
9037,3,1680
7336,3,1680
7232,3,1680
7266,3,1680
3508,3,1680
7197,3,1680
3694,3,1680
12194,3,1680
3182,3,1680
633,3,1680
2278,3,1680
7204,3,1680
2576,3,1680
2895,3,1680
7160,3,1680
6793,3,1680
6639,3,1680
4921,3,1680
7236,3,1680
6593,3,1680
8606,3,1680
7317,3,1680
8363,3,1680
6398,3,1680
1876,3,1680
9158,3,1680
3072,3,1680
4340,3,1680
6552,2,1680
2997,2,1680
5024,2,1680
6581,2,1680
6945,2,1680
7440,2,1680
730,2,1680
7443,2,1680
6978,2,1680
12107,2,1680
6392,2,1680
5396,2,1680
7447,2,1680
8513,2,1680
7451,2,1680
12213,2,1680
7730,2,1680
1257,2,1680
8293,2,1680
7454,2,1680
7436,2,1680
7245,2,1680
6406,2,1680
8937,2,1680
2955,2,1680
7280,2,1680
6951,2,1680
4936,2,1680
7278,2,1680
3141,2,1680
12286,2,1680
7270,2,1680
504,2,1680
7263,2,1680
12205,2,1680
7261,2,1680
7178,2,1680
7259,2,1680
7185,2,1680
5017,2,1680
7191,2,1680
7200,2,1680
7202,2,1680
7210,2,1680
7253,2,1680
7305,2,1680
7321,2,1680
7324,2,1680
7403,2,1680
7430,2,1680
7426,2,1680
7422,2,1680
7420,2,1680
7410,2,1680
1050,2,1680
6373,2,1680
10358,2,1680
11191,2,1680
7401,2,1680
7328,2,1680
7399,2,1680
7241,2,1680
7395,2,1680
7386,2,1680
7379,2,1680
7360,2,1680
12252,2,1680
7353,2,1680
7331,2,1680
7397,2,1680
11226,2,1680
11242,2,1680
11134,2,1680
8841,2,1680
8585,2,1680
505,2,1680
6315,2,1680
7040,2,1680
11261,2,1680
11376,2,1680
11336,2,1680
5498,2,1680
5168,2,1680
11141,2,1680
11253,2,1680
11166,2,1680
11373,2,1680
7158,2,1680
11272,2,1680
11291,2,1680
906,2,1680
11223,2,1680
4726,2,1680
9163,2,1680
7147,2,1680
9073,2,1680
13396,2,1680
6326,2,1680
11239,2,1680
1856,2,1680
6172,2,1680
2419,2,1680
4601,2,1680
1182,2,1680
4590,2,1680
9280,2,1680
6547,2,1680
8736,2,1680
282,2,1680
7963,2,1680
12356,2,1680
5888,2,1680
24,2,1680
341,2,1680
12939,2,1680
5038,2,1680
7650,2,1680
8277,2,1680
6424,2,1680
9408,2,1680
4886,2,1680
1701,2,1680
127,2,1680
2417,2,1680
1131,2,1680
12708,2,1680
11286,2,1680
12837,2,1680
12838,2,1680
1671,2,1680
3115,2,1680
11256,2,1680
8121,2,1680
12272,2,1680
4728,2,1680
12271,2,1680
2565,2,1680
10392,2,1680
459,2,1680
6377,2,1680
1222,2,1680
2897,2,1680
11183,2,1680
3352,2,1680
11346,2,1680
9493,2,1680
11240,2,1680
8793,2,1680
8748,2,1680
5674,2,1680
12290,2,1680
3842,2,1680
7021,2,1680
675,2,1680
5779,2,1680
2815,2,1680
6579,2,1680
5917,2,1680
6195,2,1680
9379,2,1680
3198,2,1680
6762,2,1680
5192,2,1680
12835,2,1680
12774,2,1680
12810,2,1680
3921,2,1680
8771,2,1680
13781,1,1680
12350,1,1680
12244,1,1680
5774,1,1680
13790,1,1680
12351,1,1680
12245,1,1680
763,1,1680
12353,1,1680
8471,1,1680
9065,1,1680
4700,1,1680
3810,1,1680
12247,1,1680
12246,1,1680
12243,1,1680
12354,1,1680
12257,1,1680
13795,1,1680
12242,1,1680
12224,1,1680
12225,1,1680
13789,1,1680
12226,1,1680
105,1,1680
12227,1,1680
12228,1,1680
9461,1,1680
12229,1,1680
12230,1,1680
12231,1,1680
12232,1,1680
12233,1,1680
12234,1,1680
12235,1,1680
5912,1,1680
487,1,1680
12236,1,1680
12237,1,1680
12347,1,1680
12239,1,1680
13860,1,1680
13859,1,1680
12240,1,1680
12241,1,1680
13858,1,1680
4146,1,1680
12097,1,1680
3829,1,1680
12348,1,1680
2803,1,1680
3124,1,1680
13494,1,1680
13491,1,1680
9990,1,1680
12938,1,1680
2369,1,1680
8773,1,1680
1550,1,1680
13493,1,1680
1832,1,1680
12830,1,1680
3070,1,1680
12251,1,1680
12250,1,1680
5079,1,1680
3724,1,1680
12249,1,1680
13854,1,1680
13490,1,1680
13489,1,1680
12288,1,1680
12253,1,1680
12258,1,1680
4367,1,1680
12260,1,1680
13856,1,1680
12254,1,1680
12261,1,1680
13855,1,1680
13857,1,1680
2005,1,1680
12262,1,1680
1224,1,1680
6697,1,1680
13487,1,1680
13488,1,1680
12673,1,1680
10388,1,1680
13192,1,1680
3363,1,1680
4896,1,1680
12282,1,1680
12274,1,1680
12276,1,1680
12278,1,1680
12279,1,1680
12280,1,1680
6332,1,1680
12281,1,1680
12283,1,1680
2265,1,1680
12284,1,1680
12285,1,1680
13747,1,1680
12287,1,1680
12248,1,1680
3134,1,1680
5961,1,1680
9622,1,1680
12273,1,1680
13862,1,1680
12357,1,1680
3916,1,1680
4164,1,1680
6472,1,1680
5069,1,1680
2235,1,1680
6982,1,1680
6275,1,1680
12937,1,1680
12256,1,1680
8997,1,1680
4813,1,1680
776,1,1680
3652,1,1680
3963,1,1680
12812,1,1680
12223,1,1680
888,1,1680
12222,1,1680
7708,1,1680
9257,1,1680
10196,1,1680
2264,1,1680
2706,1,1680
11289,1,1680
4669,1,1680
13871,1,1680
6607,1,1680
7629,1,1680
1946,1,1680
2146,1,1680
6556,1,1680
3693,1,1680
10323,1,1680
9545,1,1680
5112,1,1680
6322,1,1680
8258,1,1680
4979,1,1680
1082,1,1680
8120,1,1680
6300,1,1680
10306,1,1680
6490,1,1680
849,1,1680
8539,1,1680
4981,1,1680
12658,1,1680
9520,1,1680
846,1,1680
3006,1,1680
12709,1,1680
13872,1,1680
713,1,1680
8122,1,1680
8494,1,1680
10387,1,1680
5084,1,1680
12839,1,1680
7071,1,1680
4216,1,1680
1761,1,1680
2454,1,1680
3184,1,1680
2087,1,1680
2804,1,1680
12100,1,1680
524,1,1680
3993,1,1680
7820,1,1680
7823,1,1680
3155,1,1680
3137,1,1680
12807,1,1680
8658,1,1680
2520,1,1680
4135,1,1680
6904,1,1680
3622,1,1680
237,1,1680
9116,1,1680
5346,1,1680
8388,1,1680
6167,1,1680
12712,1,1680
9283,1,1680
3175,1,1680
3314,1,1680
13246,1,1680
3140,1,1680
5344,1,1680
5816,1,1680
3132,1,1680
9439,1,1680
1888,1,1680
3740,1,1680
720,1,1680
8417,1,1680
12221,1,1680
12193,1,1680
3855,1,1680
12207,1,1680
12206,1,1680
12204,1,1680
12203,1,1680
6395,1,1680
9064,1,1680
12201,1,1680
12209,1,1680
4374,1,1680
529,1,1680
12200,1,1680
3116,1,1680
12199,1,1680
173,1,1680
3186,1,1680
12208,1,1680
4368,1,1680
12197,1,1680
9110,1,1680
12220,1,1680
12219,1,1680
12218,1,1680
12216,1,1680
3127,1,1680
12215,1,1680
12214,1,1680
2988,1,1680
13853,1,1680
13788,1,1680
13787,1,1680
9357,1,1680
1885,1,1680
12212,1,1680
6089,1,1680
12211,1,1680
9137,1,1680
12196,1,1680
2781,1,1680
2716,1,1680
5806,1,1680
5300,1,1680
3492,1,1680
8402,1,1680
3536,1,1680
4061,1,1680
4049,1,1680
6365,1,1680
4169,1,1680
12844,1,1680
8092,1,1680
3274,1,1680
13794,1,1680
3525,1,1680
3559,1,1680
9438,1,1680
9315,1,1680
4457,1,1680
3483,1,1680
6604,1,1680
8161,1,1680
304,1,1680
6502,1,1680
6601,1,1680
12500,1,1680
10162,1,1680
8770,1,1680
4070,1,1680
2942,1,1680
5855,1,1680
4002,1,1680
4985,1,1680
2566,1,1680
7000,1,1680
5100,1,1680
5241,1,1680
13861,1,1680
7942,11,1690
864,10,1690
3952,9,1690
8003,9,1690
6619,8,1690
4019,8,1690
6968,7,1690
865,7,1690
8417,7,1690
11292,6,1690
4459,6,1690
7317,6,1690
819,6,1690
5288,6,1690
13298,6,1690
2663,6,1690
3456,5,1690
4726,5,1690
4240,5,1690
4873,5,1690
7393,5,1690
7915,5,1690
487,5,1690
6451,5,1690
5409,5,1690
1182,5,1690
3034,4,1690
3963,4,1690
8672,4,1690
7500,4,1690
9353,4,1690
6124,4,1690
4377,4,1690
3017,4,1690
8638,4,1690
3155,4,1690
7208,4,1690
7362,4,1690
2514,4,1690
6549,4,1690
13524,4,1690
3492,3,1690
7977,3,1690
426,3,1690
8665,3,1690
2805,3,1690
3395,3,1690
7299,3,1690
5072,3,1690
600,3,1690
1701,3,1690
1438,3,1690
4505,3,1690
826,3,1690
3444,3,1690
7866,3,1690
4015,3,1690
3810,3,1690
7228,3,1690
6740,3,1690
6515,3,1690
9389,3,1690
7803,3,1690
8277,3,1690
302,3,1690
6197,3,1690
2435,3,1690
7173,3,1690
7934,3,1690
7266,3,1690
4704,3,1690
2148,3,1690
13301,3,1690
13300,3,1690
13303,3,1690
7743,3,1690
13295,3,1690
13292,3,1690
12815,3,1690
8068,3,1690
13289,3,1690
13297,3,1690
12862,3,1690
13302,3,1690
4196,3,1690
13304,3,1690
13293,3,1690
5079,3,1690
13294,3,1690
2431,3,1690
13305,3,1690
13291,3,1690
2498,3,1690
8456,3,1690
12814,3,1690
13290,3,1690
1781,3,1690
5995,3,1690
5855,3,1690
8092,3,1690
13296,3,1690
2224,2,1690
6957,2,1690
13193,2,1690
1374,2,1690
4002,2,1690
4896,2,1690
8121,2,1690
7939,2,1690
2048,2,1690
6556,2,1690
2706,2,1690
7941,2,1690
126,2,1690
359,2,1690
8278,2,1690
9066,2,1690
7182,2,1690
5069,2,1690
3279,2,1690
6068,2,1690
6374,2,1690
926,2,1690
7932,2,1690
8588,2,1690
6971,2,1690
12941,2,1690
12106,2,1690
8210,2,1690
668,2,1690
1531,2,1690
1127,2,1690
12619,2,1690
6203,2,1690
6684,2,1690
1292,2,1690
1079,2,1690
1088,2,1690
8476,2,1690
6667,2,1690
4237,2,1690
888,2,1690
2247,2,1690
519,2,1690
11257,2,1690
13090,2,1690
608,2,1690
6959,2,1690
8524,2,1690
8349,2,1690
7456,2,1690
7257,2,1690
12834,2,1690
13522,2,1690
5593,2,1690
6887,2,1690
7825,2,1690
2434,2,1690
1151,2,1690
7721,2,1690
3603,2,1690
9073,2,1690
2815,2,1690
3663,2,1690
6762,2,1690
9493,2,1690
6302,2,1690
5888,2,1690
147,2,1690
8095,2,1690
4169,2,1690
5038,2,1690
11730,2,1690
7911,2,1690
3313,2,1690
12820,2,1690
4049,2,1690
3009,2,1690
3567,2,1690
4955,2,1690
8586,2,1690
1634,2,1690
7730,2,1690
12655,2,1690
4145,2,1690
5212,2,1690
7147,2,1690
851,2,1690
7350,2,1690
8745,2,1690
5335,2,1690
7336,2,1690
7217,2,1690
7341,2,1690
127,2,1690
7975,2,1690
7238,2,1690
6936,2,1690
7169,2,1690
7176,2,1690
1876,2,1690
12707,1,1690
5100,1,1690
1628,1,1690
4514,1,1690
714,1,1690
3670,1,1690
4031,1,1690
12704,1,1690
13022,1,1690
2457,1,1690
8929,1,1690
341,1,1690
8366,1,1690
2374,1,1690
5851,1,1690
8058,1,1690
1517,1,1690
12131,1,1690
117,1,1690
7974,1,1690
910,1,1690
9349,1,1690
928,1,1690
5273,1,1690
7745,1,1690
13100,1,1690
6107,1,1690
8090,1,1690
6348,1,1690
4936,1,1690
13350,1,1690
12634,1,1690
12635,1,1690
55,1,1690
12636,1,1690
12637,1,1690
12638,1,1690
12639,1,1690
9071,1,1690
12640,1,1690
12641,1,1690
13851,1,1690
5284,1,1690
9072,1,1690
1222,1,1690
4848,1,1690
4954,1,1690
9263,1,1690
1795,1,1690
13466,1,1690
720,1,1690
445,1,1690
13836,1,1690
8617,1,1690
7916,1,1690
8771,1,1690
4457,1,1690
12633,1,1690
12632,1,1690
12631,1,1690
12630,1,1690
12031,1,1690
484,1,1690
3329,1,1690
7451,1,1690
4939,1,1690
183,1,1690
5005,1,1690
3592,1,1690
1131,1,1690
7925,1,1690
441,1,1690
9086,1,1690
2530,1,1690
3667,1,1690
2479,1,1690
6604,1,1690
12620,1,1690
12621,1,1690
12623,1,1690
12624,1,1690
12625,1,1690
12626,1,1690
12627,1,1690
12628,1,1690
12656,1,1690
13532,1,1690
7328,1,1690
7195,1,1690
7432,1,1690
9618,1,1690
168,1,1690
698,1,1690
6964,1,1690
2438,1,1690
7963,1,1690
3072,1,1690
5976,1,1690
91,1,1690
9001,1,1690
2849,1,1690
3622,1,1690
776,1,1690
9249,1,1690
1316,1,1690
8513,1,1690
7051,1,1690
387,1,1690
3696,1,1690
527,1,1690
2994,1,1690
1765,1,1690
5282,1,1690
9616,1,1690
2083,1,1690
315,1,1690
3377,1,1690
7158,1,1690
4423,1,1690
828,1,1690
6368,1,1690
1569,1,1690
3899,1,1690
6329,1,1690
13831,1,1690
3198,1,1690
9116,1,1690
6606,1,1690
3418,1,1690
906,1,1690
1056,1,1690
3126,1,1690
3929,1,1690
8748,1,1690
6051,1,1690
2816,1,1690
7787,1,1690
2181,1,1690
12712,1,1690
1454,1,1690
7851,1,1690
1856,1,1690
2895,1,1690
8392,1,1690
4229,1,1690
7494,1,1690
9490,1,1690
8757,1,1690
2798,1,1690
1363,1,1690
5315,1,1690
3652,1,1690
2441,1,1690
2715,1,1690
2164,1,1690
7908,1,1690
11172,1,1690
3964,1,1690
6883,1,1690
1603,1,1690
12766,1,1690
4852,1,1690
9510,1,1690
5887,1,1690
5656,1,1690
3690,1,1690
7191,1,1690
7204,1,1690
7225,1,1690
7259,1,1690
12810,1,1690
7268,1,1690
7294,1,1690
7221,1,1690
5785,1,1690
7333,1,1690
7381,1,1690
3043,1,1690
8770,1,1690
2248,1,1690
2584,1,1690
8150,1,1690
282,1,1690
13396,1,1690
9280,1,1690
3016,1,1690
5428,1,1690
9515,1,1690
410,1,1690
4994,1,1690
6581,1,1690
5337,1,1690
2260,1,1690
1240,1,1690
1946,1,1690
5087,1,1690
3654,1,1690
7417,1,1690
7413,1,1690
4053,1,1690
3685,1,1690
6692,1,1690
13495,1,1690
4332,1,1690
2501,1,1690
1886,1,1690
529,1,1690
13523,1,1690
